,Quartile1KurtosisOfNumericAtts,J48.001.ErrRate,RandomTreeDepth3ErrRate,Quartile2KurtosisOfNumericAtts,Dimensionality,J48.00001.ErrRate,Quartile2MutualInformation,MinSkewnessOfNumericAtts,Quartile2AttributeEntropy,MinorityClassSize,Quartile3KurtosisOfNumericAtts,Quartile3SkewnessOfNumericAtts,CfsSubsetEval_DecisionStumpAUC,MajorityClassPercentage,MeanMeansOfNumericAtts,J48.00001.Kappa,kNN1NAUC,Quartile2StdDevOfNumericAtts,J48.001.Kappa,NumberOfBinaryFeatures,Quartile1MutualInformation,EquivalentNumberOfAtts,Quartile1MeansOfNumericAtts,REPTreeDepth1Kappa,RandomTreeDepth1ErrRate,MeanSkewnessOfNumericAtts,MaxMutualInformation,REPTreeDepth3AUC,CfsSubsetEval_NaiveBayesAUC,MinAttributeEntropy,AutoCorrelation,PercentageOfBinaryFeatures,MajorityClassSize,MinKurtosisOfNumericAtts,J48.0001.Kappa,CfsSubsetEval_NaiveBayesKappa,RandomTreeDepth1AUC,RandomTreeDepth3AUC,kNN1NErrRate,DecisionStumpErrRate,PercentageOfNumericFeatures,Quartile3MutualInformation,REPTreeDepth1AUC,NaiveBayesErrRate,Quartile2SkewnessOfNumericAtts,MeanStdDevOfNumericAtts,MinStdDevOfNumericAtts,J48.0001.AUC,PercentageOfMissingValues,Quartile1SkewnessOfNumericAtts,CfsSubsetEval_kNN1NAUC,MeanNoiseToSignalRatio,MaxKurtosisOfNumericAtts,NaiveBayesKappa,NumberOfSymbolicFeatures,kNN1NKappa,REPTreeDepth2Kappa,MinMutualInformation,MaxAttributeEntropy,PercentageOfInstancesWithMissingValues,MeanKurtosisOfNumericAtts,Quartile1AttributeEntropy,RandomTreeDepth2AUC,MinMeansOfNumericAtts,ClassEntropy,J48.001.AUC,MaxMeansOfNumericAtts,J48.00001.AUC,Quartile1StdDevOfNumericAtts,MaxSkewnessOfNumericAtts,Quartile3StdDevOfNumericAtts,CfsSubsetEval_NaiveBayesErrRate,CfsSubsetEval_DecisionStumpErrRate,REPTreeDepth1ErrRate,RandomTreeDepth1Kappa,REPTreeDepth3ErrRate,RandomTreeDepth2ErrRate,CfsSubsetEval_kNN1NKappa,REPTreeDepth2AUC,MaxStdDevOfNumericAtts,DecisionStumpAUC,StdvNominalAttDistinctValues,J48.0001.ErrRate,PercentageOfSymbolicFeatures,RandomTreeDepth2Kappa,DecisionStumpKappa,NaiveBayesAUC,MinNominalAttDistinctValues,NumberOfNumericFeatures,REPTreeDepth3Kappa,CfsSubsetEval_DecisionStumpKappa,MeanNominalAttDistinctValues,MeanAttributeEntropy,Quartile3MeansOfNumericAtts,MeanMutualInformation,CfsSubsetEval_kNN1NErrRate,Quartile2MeansOfNumericAtts,REPTreeDepth2ErrRate,MinorityClassPercentage,RandomTreeDepth3Kappa,MaxNominalAttDistinctValues,Quartile3AttributeEntropy,dataset_id,row_count,column_count,null_value_count,rows_with_null_values_count,columns_with_null_values_count,ratio_of_null_values_to_all,categorical_features_count,non_categorical_features_count,ratio_of_categorical_features_to_all,sum_of_all_categories,categorical_target_variables_count,non_categorical_target_variables_count,categorical_target_values_sum,total_feature_count,min_number_of_categories_per_cat_feature,max_number_of_categories_per_cat_feature,avg_number_of_categories_per_cat_feature
0,,0.007822277847309137,0.05444305381727159,,0.011576971214017523,0.007822277847309137,0.00542648921343,,0.6794996247614244,1527.0,,,0.9619120657405762,52.221526908635795,,0.9843258097219999,0.9728427352982838,,0.9843258097219999,35.0,0.000777595577705,52.14040169716265,,0.972417266903898,0.05444305381727159,,0.19826687955488,0.997615519019934,0.9619120657405762,0.004094030352641959,0.9990610328638497,94.5945945945946,1669.0,,0.9843258097219999,0.8811920214059075,0.9451363376145694,0.9451363376145694,0.06914893617021277,0.33948685857321653,0.0,0.0184861208375775,0.997615519019934,0.12108886107634544,,,,0.9960622907889662,0.0,,0.9619120657405762,29.814462977732955,,0.7569708778154078,37.0,0.8609676573571107,0.972417266903898,1.18053e-09,0.9956521852360185,0.0,,0.28756000355035294,0.9451363376145694,,0.9985755386554582,0.9960622907889662,,0.9960622907889662,,,,0.05913642052565707,0.05913642052565707,0.01376720901126408,0.8908498653739637,0.01376720901126408,0.05444305381727159,0.8811920214059075,0.997615519019934,,0.6714034536324981,0.1643989873053572,0.007822277847309137,100.0,0.8908498653739637,0.3396437687719142,0.9520419938608541,2.0,0.0,0.972417266903898,0.8811920214059075,2.027027027027027,0.5901482912442314,,0.01915166562113,0.05913642052565707,,0.01376720901126408,47.778473091364205,0.8908498653739637,3.0,0.9132329806576945,3,3196.0,37.0,0.0,0.0,0,0.0,36,0,1.0,74,1,0,2.0,36,2,3,2.0555555555555554
1,1.9853254475312268,0.1608695652173913,0.2492753623188406,15.348780875597205,0.02318840579710145,0.1608695652173913,0.02960326183246,1.1458915555559273,0.9847953334568664,307.0,91.78956656083423,7.149553646695756,0.8776120291543702,55.507246376811594,207.0584299702253,0.6739935471238732,0.8184187921517933,8.468012873399704,0.6739935471238732,5.0,0.005378837210200001,10.987754965826467,2.355851449275366,0.7105146127188972,0.2492753623188406,4.423867143578692,0.42570942667283,0.8857766135685188,0.8776120291543702,0.5010395545266964,0.9782293178519593,31.25,383.0,1.1192361294529984,0.6739935471238732,0.7101750574897961,0.7672209006951606,0.7672209006951606,0.1782608695652174,0.14492753623188406,37.5,0.13272286566341002,0.8857766135685188,0.21594202898550724,2.8076616546800306,901.5091409447066,3.3465133592781324,0.8928568391151631,0.6068840579710145,1.403082732387671,0.8776120291543702,12.897922945277674,214.66997242752777,0.5492647768025463,10.0,0.6382815496739548,0.7105146127188972,0.0006029571694,3.4964402118046265,5.36231884057971,49.931703911167034,0.8162006158245964,0.7672209006951606,2.22340579710145,0.9912308989033523,0.8928568391151631,1017.3855072463792,0.8928568391151631,4.48383336548978,13.140655014445356,1432.8807257446028,0.14347826086956522,0.14347826086956522,0.14492753623188406,0.49105006303980503,0.14492753623188406,0.2492753623188406,0.7101750574897961,0.8857766135685188,5210.102598302697,0.8590375996121823,4.049691346263318,0.1608695652173913,62.5,0.49105006303980503,0.7116180318139644,0.8940115780808026,2.0,6.0,0.7105146127188972,0.7101750574897961,4.2,1.2537639123535842,392.35745509815314,0.09021232289819223,0.14347826086956522,18.163447864563295,0.14492753623188406,44.492753623188406,0.49105006303980503,14.0,1.39388043097786,29,690.0,16.0,67.0,37.0,7,0.006473429951690821,9,6,0.6,41,1,0,2.0,15,2,14,4.555555555555555
2,-1.2104731179379757,0.279,0.298,0.9197813600546327,0.021,0.279,0.01275318647802,-0.5313481143125632,1.5321036281187235,300.0,1.6492736936699308,1.909444721297511,0.7208285714285714,70.0,476.58385714285697,0.24431202600216673,0.649047619047619,1.1187146743126737,0.24431202600216673,3.0,0.005310005973835,43.593036016305035,1.407,0.22254335260115596,0.298,0.9203791257169068,0.09473884155264,0.7002928571428572,0.7208285714285714,0.2283640258405646,0.5695695695695696,14.285714285714285,700.0,-1.3814485027493755,0.24431202600216673,0.3056968463886062,0.6580238095238096,0.6580238095238096,0.286,0.3,33.33333333333333,0.02650410754481,0.7002928571428572,0.248,1.09418417155554,407.04761882821174,0.3620857717531919,0.6617476190476189,0.0,-0.2725698140337198,0.7208285714285714,69.92749860170595,4.292590308048501,0.3724696356275304,14.0,0.30447470817120614,0.22254335260115596,0.00096366001491,2.6666777598518516,0.0,0.9242775257981102,0.9089779148834296,0.6580238095238096,1.1549999999999998,0.8812908992306927,0.6617476190476189,3271.257999999999,0.6617476190476189,0.5776544682460991,1.9496276798326246,12.058814452756392,0.273,0.273,0.269,0.2781007751937982,0.269,0.298,0.3056968463886062,0.7002928571428572,2822.7368759604396,0.6647619047619048,2.0380986614602725,0.279,66.66666666666666,0.2781007751937982,0.0,0.786047619047619,2.0,7.0,0.22254335260115596,0.3056968463886062,4.0,1.433893225502841,35.54600000000001,0.02021632305905615,0.273,2.9730000000000003,0.269,30.0,0.2781007751937982,10.0,1.8749120301493503,31,1000.0,21.0,0.0,0.0,0,0.0,13,7,0.65,56,1,0,2.0,20,2,11,4.3076923076923075
3,5.982197043232063,0.015641569459172854,0.036585365853658534,8.87130380657577,0.007953340402969246,0.015641569459172854,0.00129044182719,1.232674238507278,0.25937485231702934,231.0,90.94248810329343,4.937524038925616,0.9288636149692349,93.87592788971368,46.43668969641138,0.8579268043553759,0.7895585540318668,22.3032143933016,0.8579268043553759,21.0,0.0005017739084375,64.92919423455584,1.7588748012696314,0.8712870012207119,0.036585365853658534,3.5691918824691085,0.06006915971583,0.9591373043787617,0.9288636149692349,-0.0,0.8865022540440202,70.0,3541.0,4.073471498748956,0.8579268043553759,0.7759719718017525,0.785261166486192,0.785261166486192,0.04109225874867444,0.0344644750795334,23.333333333333332,0.0033491752406775003,0.9591373043787617,0.07423117709437964,1.5381528946217138,19.05387758896556,0.19545727511328811,0.9353675130291905,5.358784022622834,1.2589465934783108,0.9288636149692349,64.94601266549154,238.1814623780636,0.5196307538926299,23.0,0.6153785428776684,0.8712870012207119,0.0,1.520689912507409,100.0,51.41313506551009,0.0987401719719687,0.785261166486192,0.9949997045790251,0.33235055553211046,0.9353675130291905,110.46964865662825,0.9353675130291905,0.669439962143292,13.882652755041702,33.71833515687218,0.02518557794273595,0.02518557794273595,0.014050901378579003,0.6522624425320754,0.014050901378579003,0.036585365853658534,0.7759719718017525,0.9591373043787617,35.604247607641,0.9322127557089432,0.668311541278118,0.015641569459172854,76.66666666666667,0.6522624425320754,0.7420165388043194,0.921866947220681,1.0,7.0,0.8712870012207119,0.7759719718017525,2.0869565217391304,0.33755530471128503,108.85692077754308,0.005118661327160454,0.02518557794273595,28.41132258295655,0.014050901378579003,6.1240721102863205,0.6522624425320754,5.0,0.4759318019149815,38,3772.0,30.0,6064.0,3772.0,8,0.05543569678575346,22,7,0.7586206896551724,46,1,0,2.0,29,1,5,2.090909090909091
4,,0.18580375782881003,0.22964509394572025,,0.010438413361169102,0.18580375782881003,0.01355667250927,,1.5281455950064875,332.0,,,0.7435139920705185,65.34446764091858,,0.5771950530105427,0.9962734323876977,,0.5771950530105427,1.0,0.00700514266598,49.45045096797422,,0.5296140926922863,0.22964509394572025,,0.08718670223057,0.8254263058624274,0.7435139920705185,1.4706284549040332,0.9989550679205852,10.0,626.0,,0.5771950530105427,0.41922178864715764,0.7703626005619924,0.7703626005619924,0.028183716075156576,0.30062630480167013,0.0,0.01355667250927,0.8254263058624274,0.2870563674321503,,,,0.8493254166827052,0.0,,0.7435139920705185,80.69748634203775,,0.314300141070155,10.0,0.9367427892257802,0.5296140926922863,0.00700514266598,1.5647795093873218,0.0,,1.5281455950064875,0.7703626005619924,,0.9309539862507961,0.8493254166827052,,0.8493254166827052,,,,0.23903966597077245,0.23903966597077245,0.2035490605427975,0.49792748582590873,0.2035490605427975,0.22964509394572025,0.41922178864715764,0.8254263058624274,,0.6678422957003733,0.31622776601683794,0.18580375782881003,100.0,0.49792748582590873,0.33996784812064595,0.7461459255552562,2.0,0.0,0.5296140926922863,0.41922178864715764,2.9,1.5380365413865855,,0.018825995881285557,0.23903966597077245,,0.2035490605427975,34.65553235908142,0.49792748582590873,3.0,1.5647795093873218,50,958.0,10.0,0.0,0.0,0,0.0,9,0,1.0,27,1,0,2.0,9,3,3,3.0
5,-0.5461781678964901,0.20748299319727892,0.24489795918367346,0.8103181202244136,0.047619047619047616,0.20748299319727892,0.05912517400928,-0.28426123869354736,0.8492607824494319,106.0,3.379606398303907,1.4911052312409512,0.7990515857085508,63.94557823129252,95.16243401688388,0.5491024287222809,0.7768968285828984,12.719190144561038,0.5491024287222809,3.0,0.0096961344237,7.574447965692607,0.43954081632653036,0.4943266416799301,0.24489795918367346,0.669860013613296,0.27536597179476,0.7906212364512244,0.7990515857085508,0.39131186072007806,0.9965870307167235,21.428571428571427,188.0,-0.5898189766313711,0.5491024287222809,0.5426535527900441,0.7558535557940559,0.7558535557940559,0.21428571428571427,0.18027210884353742,42.857142857142854,0.2539335029004,0.7906212364512244,0.17006802721088435,0.7382701998622864,19.59908149082564,0.0,0.7458851866720194,18.999028182701654,-0.1855902971388546,0.7990515857085508,6.121191706527409,4.578469749376954,0.6311722199919712,8.0,0.5437256737448884,0.4943266416799301,0.00044852774511,1.682983483400095,99.65986394557824,1.2954349162078496,0.4537163391869448,0.7558535557940559,0.0,0.9431340036829803,0.7458851866720194,250.84870848708488,0.7458851866720194,0.6814859367192329,1.5488244196598229,34.60673984367477,0.2108843537414966,0.2108843537414966,0.22789115646258504,0.46669354026000187,0.22789115646258504,0.24489795918367346,0.5426535527900441,0.7906212364512244,67.65771142295964,0.7888147330389402,0.7440238091428449,0.20748299319727892,57.14285714285714,0.46669354026000187,0.5965929684668358,0.8935668406262544,2.0,6.0,0.4943266416799301,0.5426535527900441,2.625,0.8866967039171015,167.05944674634463,0.12451521324785286,0.2108843537414966,90.2050741798426,0.22789115646258504,36.054421768707485,0.46669354026000187,4.0,1.1162785746949928,51,294.0,14.0,782.0,293.0,9,0.20460491889063318,7,6,0.5384615384615384,19,1,0,2.0,13,2,4,2.7142857142857144
6,,0.04597701149425287,0.06896551724137931,,0.03908045977011494,0.04597701149425287,0.21152029237671,,0.985768259759233,168.0,,,0.9744627251649722,61.37931034482759,,0.9038716520816759,0.9576457691432507,,0.9038716520816759,17.0,0.1091535199720425,4.072649833392594,,0.9032365699032364,0.06896551724137931,,0.71814680422867,0.9703607098270021,0.9744627251649722,0.9293636260137187,0.576036866359447,100.0,267.0,,0.9038716520816759,0.9038716520816759,0.9629168127279324,0.9629168127279324,0.06666666666666667,0.04367816091954023,0.0,0.3404603427108025,0.9703607098270021,0.09885057471264368,,,,0.9744627251649722,5.300878972278566,,0.9744627251649722,3.147607218762988,,0.7953389135073035,17.0,0.8604612576738012,0.9032365699032364,6.26307995e-06,0.9999656906901914,46.666666666666664,,0.9678175010517347,0.9629168127279324,,0.9623080486960709,0.9744627251649722,,0.9744627251649722,,,,0.04597701149425287,0.04597701149425287,0.04597701149425287,0.8538895606610237,0.04597701149425287,0.06896551724137931,0.9038716520816759,0.9703607098270021,,0.9631153023006955,0.0,0.04597701149425287,100.0,0.8538895606610237,0.9087778550379126,0.9724674514000357,2.0,0.0,0.9032365699032364,0.9038716520816759,2.0,0.9800193909921151,,0.23628548686063938,0.04597701149425287,,0.04597701149425287,38.62068965517241,0.8538895606610237,2.0,0.9969736212822149,56,435.0,17.0,392.0,203.0,16,0.05632183908045977,16,0,1.0,32,1,0,2.0,16,2,2,2.0
7,,0.10431654676258993,0.07553956834532374,,0.012589928057553957,0.10431654676258993,0.000774770054655,,1.5845931125102337,278.0,,,0.7385746079395477,50.0,,0.7913669064748201,0.984459914083122,,0.7913669064748201,3.0,0.000184375303945,19.28693034685815,,0.7589928057553956,0.07553956834532374,,0.30564217262535,0.9340031571864811,0.7385746079395477,0.9996639598468491,0.8162162162162162,42.857142857142854,278.0,,0.7913669064748201,0.4928057553956835,0.9345983644738886,0.9345983644738886,0.06294964028776978,0.25359712230215825,0.0,0.079132328414895,0.9340031571864811,0.25359712230215825,,,,0.9629159981367424,0.0,,0.7385746079395477,27.138145109044974,,0.4928057553956835,7.0,0.8741007194244603,0.7589928057553956,3.735261793e-05,1.9998697229407525,0.0,,0.9998529861022931,0.9345983644738886,,1.0,0.9629159981367424,,0.9629159981367424,,,,0.25359712230215825,0.25359712230215825,0.12050359712230216,0.8489208633093526,0.12050359712230216,0.07553956834532374,0.4928057553956835,0.9340031571864811,,0.7455035971223022,0.7559289460184545,0.10431654676258993,100.0,0.8489208633093526,0.4928057553956835,0.7421070337974225,2.0,0.0,0.7589928057553956,0.4928057553956835,2.7142857142857144,1.4589229391616843,,0.051848582538325,0.25359712230215825,,0.12050359712230216,50.0,0.8489208633093526,4.0,1.6886437299661348,333,556.0,7.0,0.0,0.0,0,0.0,6,0,1.0,17,1,0,2.0,6,2,4,2.8333333333333335
8,,0.3560732113144759,0.37437603993344426,,0.011647254575707155,0.3560732113144759,0.003758454643025,,1.5846420186297692,206.0,,,0.49936708860759493,65.72379367720465,,0.029328301886792474,0.7592233009708738,,0.029328301886792474,3.0,0.0012604335734449999,255.34844685504277,,-0.011301261655803706,0.37437603993344426,,0.00684214329877,0.517119331448937,0.49936708860759493,0.9999820261996926,0.44,42.857142857142854,395.0,,0.029328301886792474,0.0,0.6236512228093891,0.6236512228093891,0.3144758735440932,0.3427620632279534,0.0,0.0059858732349625,0.517119331448937,0.40266222961730447,,,,0.5393265331203146,0.0,,0.49936708860759493,400.6828667430599,,-0.08223826177542973,7.0,0.2671251879141368,-0.011301261655803706,7.829360624e-05,1.9993734446391016,0.0,,0.99999400873876,0.6236512228093891,,0.9274373177990278,0.5393265331203146,,0.5393265331203146,,,,0.3427620632279534,0.3427620632279534,0.3810316139767055,0.1661682277567783,0.3810316139767055,0.37437603993344426,0.0,0.517119331448937,,0.49842693867518745,0.7559289460184545,0.3560732113144759,100.0,0.1661682277567783,0.0,0.512744254639302,2.0,0.0,-0.011301261655803706,0.0,2.7142857142857144,1.4589306695469753,,0.0036320460501,0.3427620632279534,,0.3810316139767055,34.27620632279534,0.1661682277567783,4.0,1.6885532408585777,334,601.0,7.0,0.0,0.0,0,0.0,6,0,1.0,17,1,0,2.0,6,2,4,2.8333333333333335
9,-0.5007964462854346,0.0,0.016,-0.4494667691339791,0.012,0.0,0.31086917096283,-0.08003742683616712,1.1945396453894892,222.0,-0.39813709198252356,0.44614225860053713,0.8501523105839652,55.60000000000001,69.54329957805906,1.0,0.977080497763951,15.395027387661761,1.0,2.0,0.00116914960135,2.386250865029827,38.93459915611814,1.0,0.118,0.18305241588218502,0.93376414483082,1.0,0.9980394063127876,1.0,0.6092184368737475,33.33333333333333,278.0,-0.5007964462854346,1.0,0.9757611014155516,0.9466264825977058,0.9884956899345388,0.022,0.128,33.33333333333333,0.93376414483082,1.0,0.02,0.18305241588218502,15.395027387661761,15.333706778892608,1.0,1.0666666666666667,-0.08003742683616712,0.9934943936742497,3.0548302528717963,-0.39813709198252356,0.9596748177301762,4.0,0.9556222566485928,1.0,0.00116914960135,2.8569778803964256,6.4,-0.4494667691339791,1.0,0.9884956899345388,38.93459915611814,0.99093240356837,1.0,100.15199999999999,1.0,15.333706778892608,0.44614225860053713,15.456347996430914,0.012,0.128,0.0,0.7666139240506329,0.0,0.016,0.9878640776699029,1.0,15.456347996430914,0.8501523105839652,3.8622100754188224,0.0,66.66666666666666,0.9675640609795654,0.7329951271610707,0.9978125607622009,2.0,2.0,1.0,0.7329951271610707,4.25,1.6838391752619717,100.15199999999999,0.415267488465,0.006,69.54329957805906,0.0,44.4,0.9675640609795654,10.0,2.8569778803964256,451,500.0,6.0,32.0,32.0,2,0.0128,3,2,0.6,15,1,0,2.0,5,2,10,5.0
10,-1.365406436354201,0.3273809523809524,0.37351190476190477,-0.12015247154469133,0.01488095238095238,0.3273809523809524,0.020407708562025,-0.01611773952570214,2.6109960041998335,224.0,0.5168047490213901,0.6481649696099826,0.5,66.66666666666666,28.800744047619048,0.11051212938005411,0.4609375,4.879732835400601,0.11051212938005411,1.0,0.0017772654493725,48.791652210823095,7.0963541666666625,0.0,0.37351190476190477,0.3391636553707378,0.03446761121749,0.5,0.5,-0.0,0.5454545454545454,10.0,448.0,-1.5022388059699858,0.11051212938005411,0.0,0.5484644052933674,0.5484644052933674,0.5,0.3333333333333333,50.0,0.034277297244757504,0.5,0.33035714285714285,0.41560607715942577,5.649864683884341,0.8171047721337914,0.5496004065688775,17.857142857142858,-0.00805886976285107,0.5,130.1867552795288,0.5629967337657846,0.16541353383458643,5.0,-0.07462686567164176,0.0,0.0,4.654144207343773,99.10714285714286,-0.3634711692420626,0.14288500188494896,0.5484644052933674,5.310267857142855,0.9182958340544896,0.5496004065688775,90.0,0.5496004065688775,2.0656352681257735,0.8474134094815319,9.61916002388478,0.3333333333333333,0.3333333333333333,0.3333333333333333,0.12135355892648783,0.3333333333333333,0.37351190476190477,0.0,0.5,9.96548215022994,0.625129544005102,14.099645385611653,0.3273809523809524,50.0,0.12135355892648783,0.0,0.6411232461734694,1.0,5.0,0.0,0.0,12.6,2.46903405393586,56.476934523809526,0.018820757085385,0.3333333333333333,16.85714285714286,0.3333333333333333,33.33333333333333,0.12135355892648783,28.0,4.653221155722798,470,672.0,10.0,1200.0,666.0,2,0.1984126984126984,4,5,0.4444444444444444,61,1,0,2.0,9,1,28,15.25
11,-1.2036877914266522,0.0032623626373626375,0.007947409733124019,-1.1981209273220916,0.00026981946624803766,0.0032623626373626375,0.00157047816651,-0.32139705527027734,0.877650795342839,16447.0,-0.9477199965281362,0.004869004163365361,0.9970314105645728,59.657083987441126,195.93714543823938,0.9932219798789502,0.9216630712714634,3.0234160845268416,0.9932219798789502,3.0,1.413943024e-05,12.991015473633231,-11.03942758810832,0.9912821419281953,0.007947409733124019,0.09261384330417145,0.2230909398455,0.9985919526051271,0.9970314105645728,0.8070522790844934,0.5169867785218436,27.27272727272727,24321.0,-1.2054637290423134,0.9932219798789502,0.9932219798789502,0.9918256680030593,0.9918256680030593,0.07604003139717426,0.20884026687598117,63.63636363636363,0.2230909398455,0.9985919526051271,0.09546703296703296,-0.000785974385041192,27.437454144768495,0.5769759987326427,0.9972892857377941,0.0,-0.005807327596648444,0.9970314105645728,12.375389002937311,-0.5884095133947267,0.8050822196638202,4.0,0.8422319268821838,0.9912821419281953,1.413943024e-05,1.3204199058145483,0.0,-1.0763234053159079,0.8070522790844934,0.9918256680030593,-12.49774613912873,0.9729212144264806,0.9972892857377941,1100.2709723312403,0.9972892857377941,1.4439636702716634,0.9737649773688049,58.04571234111569,0.0032623626373626375,0.0032623626373626375,0.004194466248037676,0.9834879689066137,0.004194466248037676,0.007947409733124019,0.9932219798789502,0.9985919526051271,115.27303730661535,0.8236443059377037,0.5,0.0032623626373626375,36.36363636363637,0.9834879689066137,0.5972150781762856,0.979651568371769,2.0,7.0,0.9912821419281953,0.9932219798789502,2.25,1.001707660080627,299.22740423861853,0.07489185248075,0.0032623626373626375,-0.0034792165178571775,0.004194466248037676,40.342916012558874,0.9834879689066137,3.0,1.3204199058145483,881,40768.0,11.0,0.0,0.0,0,0.0,3,7,0.3,7,1,0,2.0,10,2,3,2.3333333333333335
12,,0.3867924528301887,0.4528301886792453,,0.5471698113207547,0.3867924528301887,0.02082291444165,,1.9610985271643535,34.0,,,0.5185866013071896,67.9245283018868,,0.09117524048515262,0.5396241830065359,,0.09117524048515262,2.0,0.010729253827605,33.541066040568424,,-0.06821705426356599,0.4528301886792453,,0.08280453272049,0.4550653594771242,0.5185866013071896,1.0,0.5619047619047619,3.4482758620689653,72.0,,0.09117524048515262,-0.02258823529411776,0.5420751633986927,0.5420751633986927,0.4339622641509434,0.32075471698113206,0.0,0.040629844519185,0.4550653594771242,0.2830188679245283,,,,0.5633169934640523,0.0,,0.5185866013071896,70.49513101192413,,0.34024896265560156,58.0,0.07581501137225172,-0.06821705426356599,0.00081131686628,1.9992195826800947,0.0,,1.9267756422977333,0.5420751633986927,,0.905200296956048,0.5633169934640523,,0.5633169934640523,,,,0.3867924528301887,0.3867924528301887,0.36792452830188677,0.03563305534495833,0.36792452830188677,0.4528301886792453,-0.02258823529411776,0.4550653594771242,,0.5100081699346405,0.368118448019839,0.3867924528301887,100.0,0.03563305534495833,0.0,0.7397875816993464,2.0,0.0,-0.06821705426356599,-0.02258823529411776,3.9310344827586206,1.9294978205113873,,0.026987821313168597,0.3867924528301887,,0.36792452830188677,32.075471698113205,0.03563305534495833,4.0,1.9829035198530844,956,106.0,58.0,0.0,0.0,0,0.0,58,-1,1.0175438596491229,332,1,0,2.0,57,2,106,5.724137931034483
13,,0.0,0.0,,0.0006944444444444445,0.0,0.0,,1.584962500721156,4320.0,,,1.0,66.66666666666666,,1.0,1.0,,1.0,2.0,-1e-14,8.000000000000258,,1.0,0.0,,0.91829583405449,1.0,1.0,1.0,0.33335905548267614,22.22222222222222,8640.0,,1.0,1.0,1.0,1.0,0.0,0.0,0.0,0.0,1.0,0.0,,,,1.0,0.0,,1.0,13.877316863621715,,1.0,9.0,1.0,1.0,-1e-14,2.321928094887362,0.0,,1.584962500721156,1.0,,0.9182958340544896,1.0,,1.0,,,,0.0,0.0,0.0,1.0,0.0,0.0,1.0,1.0,,1.0,0.9718253158075502,0.0,100.0,1.0,1.0,1.0,2.0,0.0,1.0,1.0,3.2222222222222223,1.7077222622214983,,0.1147869792568075,0.0,,0.0,33.33333333333333,1.0,5.0,2.0,959,12960.0,9.0,0.0,0.0,0,0.0,8,0,1.0,27,1,0,2.0,8,2,5,3.375
14,,0.11199050257222003,0.2614760585674713,,0.006826276216857934,0.11199050257222003,0.00407955414074,,0.6413446130371496,2715.0,,,0.9134468696310456,73.14008705975465,,0.7026334259059486,0.8110357095379899,,0.7026334259059486,49.0,0.00045230301368999996,40.300764587160685,,0.6902707315626896,0.2614760585674713,,0.38181199960314,0.9054766603917548,0.9134468696310456,0.04424781752872524,0.6051251607796576,71.01449275362319,7393.0,,0.7026334259059486,0.6581979817517353,0.6585279138527339,0.6585279138527339,0.17926394934705184,0.2685991294024535,0.0,0.0103215638939275,0.9054766603917548,0.1461218836565097,,,,0.9091256499416225,0.3869800359021123,,0.9134468696310456,47.033332778242446,,0.6470609316928944,69.0,0.5088362932990012,0.6902707315626896,1.051425527e-05,5.714939235965983,26.701622477245746,,0.37104280879900386,0.6585279138527339,,0.8394472850826536,0.9091256499416225,,0.9091256499416225,,,,0.13454689354966362,0.13454689354966362,0.11901464186782747,0.2865376389939917,0.11901464186782747,0.2614760585674713,0.6581979817517353,0.9054766603917548,,0.7713553137094743,22.70395859140813,0.11199050257222003,100.0,0.2865376389939917,0.0,0.9208551018471259,2.0,0.0,0.6902707315626896,0.6581979817517353,8.362318840579706,1.0005132956463352,,0.020829562259721764,0.13454689354966362,,0.11901464186782747,26.85991294024535,0.2865376389939917,129.0,0.9804995981868238,981,10108.0,69.0,2699.0,2699.0,1,0.003926709187830257,68,0,1.0,575,1,0,2.0,68,2,129,8.455882352941176
15,0.4995135461287261,0.1600175361683472,0.21372205173169662,3.771142714950889,0.003288031565103025,0.1600175361683472,0.06283142584161999,-0.28797733757910504,1.624541422254258,1132.0,43.8826411495145,5.948513280890106,0.8530674056598914,75.18632178868917,32078.8478737396,0.545313793638276,0.6900861758130815,218.02938312909245,0.545313793638276,2.0,0.017670912822822498,11.317450768757334,31.46854449802718,0.47772171057022844,0.21372205173169662,2.831868883409954,0.15591799834524,0.8382690405793817,0.8530674056598914,0.8223567833790162,0.6215742161806621,13.333333333333334,3430.0,-0.05077619416414736,0.545313793638276,0.5557098903932444,0.7236419164587357,0.7236419164587357,0.22884699693117053,0.24813678211310827,40.0,0.13451648790865,0.8382690405793817,0.1716352476983779,0.9937119761197701,19481.166749913486,2.530240304710453,0.8371273269529922,0.12859856787958499,0.07175642891950362,0.8530674056598914,24.06283317752683,121.69949059317503,0.49173077103676766,9.0,0.38266361320675,0.47772171057022844,0.00826636529637,3.4002236588905155,1.9289785181937746,24.636272437238887,0.9018541007621855,0.7236419164587357,10.154537483559842,0.8083116159412278,0.8371273269529922,191077.22709338015,0.8371273269529922,9.528459373210907,10.753121940290164,33323.74726030333,0.15366067514248136,0.15366067514248136,0.17821131082858396,0.4256884391900772,0.17821131082858396,0.21372205173169662,0.5557098903932444,0.8382690405793817,108007.33092017627,0.7451055434793807,11.58063517736014,0.1600175361683472,60.0,0.4256884391900772,0.0,0.8829097709408578,2.0,6.0,0.47772171057022844,0.5557098903932444,10.88888888888889,1.7900302461856028,48677.14165935994,0.0714217037438,0.15366067514248136,68.34294169224032,0.17821131082858396,24.813678211310826,0.4256884391900772,39.0,2.7045869245807856,1037,4562.0,15.0,88.0,88.0,1,0.001377841798709839,8,6,0.5714285714285714,96,1,0,2.0,14,2,39,12.0
16,14.829687409914737,0.0178,0.01952,93.96938230762532,0.00462,0.0178,0.0009616546794500001,-1.799320905323937,1.4098402056826604,890.0,382.7882142774788,17.316391243797682,0.7295986309111168,98.22,204444.10993774,0.0,0.5091605865301239,97.36575042978673,0.0,5.0,7.7756733195e-05,14.949843314301491,4.182478493961739,0.0,0.01876,11.57461851086812,0.04513676368925,0.5,0.7326025012983922,-0.0,0.9651593031860637,2.1645021645021645,49110.0,-1.6749586509971452,0.0,0.0,0.5339392036313801,0.5782137778959868,0.03448,0.0178,83.11688311688312,0.011549948275235,0.5,0.09606,8.284472108138532,402315.90728142386,0.0,0.5,69.47317748917749,3.1698045517373536,0.58837678085655,399.4153342720393,26707.59912862242,0.020754619579377884,39.0,0.018240678183852565,0.0,0.0,12.4635067558903,100.0,434.5169541865615,0.381888203302464,0.5768795119120342,-153278.6084867392,0.12890327699101445,0.5,6181967.170056237,0.5,9.034615459825588,148.08267504555428,94164.31945428454,0.0178,0.0178,0.0178,0.0002344865809733058,0.0178,0.01804,0.019609862092276924,0.5,25311869.22141751,0.7295986309111168,4160.398063392966,0.0178,16.883116883116884,0.003788695409392094,0.0,0.6051536995737613,1.0,192.0,0.0,0.0,1833.4871794871794,3.452534428621197,28784.93684032249,0.008622383143487632,0.02666,32.3578745347187,0.0178,1.78,0.0008149091519651021,15415.0,7.071472706267838,1111,50000.0,231.0,8024152.0,50000.0,211,0.697752347826087,38,192,0.16521739130434782,71504,1,0,2.0,230,1,15415,1881.6842105263158
17,14.829687409914737,0.07344,0.08998,93.96938230762532,0.00462,0.07344,0.0019737864497,-1.799320905323937,1.4098402056826604,3672.0,382.7882142774788,17.316391243797682,0.620747964734926,92.656,204444.10993774,0.0,0.5073176006717659,97.36575042978673,0.0,5.0,0.00010943006589250001,19.61086195148842,4.182478493961739,0.0,0.07346,11.57461851086812,0.13134231397806,0.5,0.5533845809062895,-0.0,0.8638772775455509,2.1645021645021645,46328.0,-1.6749586509971452,0.0,0.01769004644830235,0.5397376788140188,0.5493663410106171,0.1247,0.07344,83.11688311688312,0.01557586924857,0.5,0.31964,8.284472108138532,402315.90728142386,0.0,0.5,69.47317748917749,3.1698045517373536,0.5114284972944645,177.82059378512054,26707.59912862242,0.04906606792410524,39.0,0.01572123199586002,0.0,0.0,12.4635067558903,100.0,434.5169541865615,0.381888203302464,0.5370996953126499,-153278.6084867392,0.3786318713593551,0.5,6181967.170056237,0.5,9.034615459825588,148.08267504555428,94164.31945428454,0.08984,0.07344,0.07344,-3.9990708911322726e-05,0.07344,0.07682,0.024421268639572752,0.5,25311869.22141751,0.620747964734926,4160.398063392966,0.07344,16.883116883116884,0.0002006574634665835,0.0,0.5912583034592029,1.0,192.0,0.0,0.0,1833.4871794871794,3.452534428621197,28784.93684032249,0.019307252903823423,0.12448,32.3578745347187,0.07344,7.344,-0.00045207358246458806,15415.0,7.071472706267838,1112,50000.0,231.0,8024152.0,50000.0,211,0.697752347826087,38,192,0.16521739130434782,71504,1,0,2.0,230,1,15415,1881.6842105263158
18,14.829687409914737,0.05102,0.10364,93.96938230762532,0.00462,0.05102,0.00166485582026,-1.799320905323937,1.4098402056826604,3682.0,382.7882142774788,17.316391243797682,0.6850921377683346,92.636,204444.10993774,0.5214160016906798,0.5137359475513946,97.36575042978673,0.5214160016906798,5.0,0.0001521971133025,16.456454576701027,4.182478493961739,0.0,0.10364,11.57461851086812,0.16459626001741,0.5,0.6850921377683346,-0.0,0.8641372827456549,2.1645021645021645,46318.0,-1.6749586509971452,0.5214160016906798,0.30586231850338574,0.5111376717330602,0.5111376717330602,0.13388,0.06216,83.11688311688312,0.02400308661407,0.5,0.30614,8.284472108138532,402315.90728142386,0.0,0.7807448218546521,69.47317748917749,3.1698045517373536,0.6850921377683346,148.7681414102898,26707.59912862242,0.09553884993364482,39.0,0.027233599536317855,0.0,0.0,12.4635067558903,100.0,434.5169541865615,0.381888203302464,0.5111376717330602,-153278.6084867392,0.3793628969692055,0.7807448218546521,6181967.170056237,0.7807448218546521,9.034615459825588,148.08267504555428,94164.31945428454,0.06196,0.06196,0.07364,0.016972510256570334,0.07364,0.10364,0.30586231850338574,0.5,25311869.22141751,0.7700439477753384,4160.398063392966,0.05102,16.883116883116884,0.016972510256570334,0.5038342818250912,0.6661846406764009,1.0,192.0,0.0,0.30586231850338574,1833.4871794871794,3.452534428621197,28784.93684032249,0.02305252903661921,0.06196,32.3578745347187,0.07364,7.364,0.016972510256570334,15415.0,7.071472706267838,1114,50000.0,231.0,8024152.0,50000.0,211,0.697752347826087,38,192,0.16521739130434782,71504,1,0,2.0,230,1,15415,1881.6842105263158
19,-1.0145327232047583,0.3436315197178999,0.3962879808966912,-0.35670463444156253,1.4831761475611948e-05,0.3436315197178999,0.02212616996571,0.07638460995229823,5.152686005936095,240264.0,2.7566305833149922,1.4939045265669828,0.662638833952673,55.455770760294634,1120.9531996126343,0.2870684559874416,0.6041234210573637,278.0459108167819,0.2870684559874416,1.0,0.006293433206440001,40.586563805916214,132.20200673731716,0.2664025930505311,0.3962879808966912,0.8130613549125902,0.05187333764775,0.6722004004376639,0.662638833952673,2.79216604494649,0.5805125124679726,12.5,299119.0,-1.0145327232047583,0.2870684559874416,0.24782508706602815,0.6030661225357663,0.6030661225357663,0.4022855744433918,0.3764430840423224,37.5,0.044860391020459994,0.6722004004376639,0.3674902620216062,0.8688949282184896,805.1975877146498,70.11701559748906,0.6743006383257204,0.0,0.07638460995229823,0.662638833952673,199.18172328602853,2.7566305833149922,0.2399583529686614,5.0,0.1740821480312939,0.2664025930505311,0.00158098134431,6.461549303003765,0.0,0.46179774188955713,3.055257328126105,0.6030661225357663,132.20200673731716,0.9913943866651785,0.6743006383257204,2427.9286295638058,0.6743006383257204,70.11701559748906,1.4939045265669828,2067.4298367296783,0.35788113455559406,0.35788113455559406,0.3547924202282979,0.186597948142952,0.3547924202282979,0.3962879808966912,0.24782508706602815,0.6722004004376639,2067.4298367296783,0.5889760479372828,155.6608492845905,0.3436315197178999,62.5,0.186597948142952,0.18953483246972003,0.6678761821895376,2.0,3.0,0.2664025930505311,0.24782508706602815,122.6,4.889771839955611,2427.9286295638058,0.02442666473087,0.35788113455559406,802.7289625367797,0.3547924202282979,44.544229239705366,0.186597948142952,293.0,6.461372185804634,1169,539383.0,8.0,0.0,0.0,0,0.0,4,3,0.5714285714285714,611,1,0,2.0,7,7,293,152.75
20,-1.1978878566081916,0.053044,0.072347,-1.1889690075210584,1e-05,0.053044,4.681276e-06,-3.7137394617828274,3.169913644582923,327955.0,2.9045891473065995,0.24223687346622305,0.9485724164550933,67.2045,80627.30165424968,0.8796791815609276,0.8253437542539422,19518.530787524545,0.8796791815609276,1.0,6.8727838e-07,161196.71256841888,41.37628699999996,0.8802443357752041,0.072347,-0.45854816413519317,1.161981964e-05,0.9888832826732381,0.9485724164550933,2.3219232746961573,0.5596275596275596,10.0,672045.0,-1.2034127495497613,0.8796791815609276,0.8881490712805546,0.9194457511346963,0.9194457511346963,0.154298,0.327955,60.0,1.161981964e-05,0.9888832826732381,0.114268,-0.0009269233366290552,36875.4413780934,8.66120560524905,0.9660172471221254,0.0,-0.9301316822097827,0.9485724164550933,577673.112119984,13.332714024210224,0.7153848972957018,4.0,0.6502144640232649,0.8802443357752041,6.8727838e-07,4.321906959086622,0.0,1.3306440926104561,2.3219232746961573,0.9194457511346963,15.512428999999994,0.9128233479689115,0.9660172471221254,250100.5689667492,0.9660172471221254,15.383331013945133,0.9653763720630957,64354.91073481382,0.049296,0.049296,0.052744,0.8358662384391908,0.052744,0.072347,0.8881490712805546,0.9888832826732381,144574.1307030062,0.7285195146533775,7.874007874011811,0.053044,40.0,0.8358662384391908,0.0,0.9922668770125426,2.0,6.0,0.8802443357752041,0.8881490712805546,9.0,3.271247959455234,160513.48527492827,5.66279134e-06,0.049296,51473.303456213805,0.052744,32.7955,0.8358662384391908,20.0,4.321906959086622,1235,1000000.0,10.0,0.0,0.0,0,0.0,3,6,0.3333333333333333,34,1,0,2.0,9,5,20,11.333333333333334
21,0.31957037591073023,0.0982504257813364,0.13304284355577184,18.153915269020615,0.0003760146866912919,0.0982504257813364,0.01192288929849,0.0930790140210778,1.1775253842799875,5289.0,140.75154662504147,8.360308326165555,0.8105539399863388,88.30151954170445,245.8171083522661,0.47916071379073233,0.6363436044775874,10.618762040975437,0.47916071379073233,4.0,0.0033899011701099997,34.9542587684117,2.7638406582469046,0.43894129166412094,0.13304284355577184,8.806191925400729,0.04241125452275,0.8799414790965657,0.8105539399863388,0.13021221197171914,0.8430878124308782,23.52941176470588,39922.0,-1.0598973728281538,0.47916071379073233,0.42640597317081286,0.6859941690607518,0.6859941690607518,0.13127336267722456,0.11698480458295547,41.17647058823529,0.02739533862674,0.8799414790965657,0.12174028444405123,3.144318099423396,489.5378696495152,2.303441044931419,0.8353375464269146,0.0,0.6848179257252203,0.8105539399863388,94.4369553560147,4506.860660183506,0.4313532734996685,10.0,0.3030372783243323,0.43894129166412094,0.00042448835011,3.0553529819894245,0.0,673.0300915847718,0.7859331318222267,0.6859941690607518,0.5803233726304275,0.5206312212538164,0.8353375464269146,1362.2720576850834,0.8353375464269146,3.098020883280205,41.8464544726404,257.5278122651707,0.09928999579748292,0.09928999579748292,0.10238658733494062,0.35215404064906,0.10238658733494062,0.13304284355577184,0.42640597317081286,0.8799414790965657,3044.765829168598,0.7045483801183152,3.9777157040470126,0.0982504257813364,58.82352941176471,0.35215404064906,0.0,0.859062753739849,2.0,7.0,0.43894129166412094,0.42640597317081286,4.6,1.421499421542609,258.16307978146995,0.014894643445402223,0.09928999579748292,40.19782796221632,0.10238658733494062,11.698480458295547,0.35215404064906,12.0,2.2761413337981047,1461,45211.0,17.0,0.0,0.0,0,0.0,9,7,0.5625,44,1,0,2.0,16,2,12,4.888888888888889
22,,0.31,0.2,,0.06,0.31,0.07713118598211,,1.4168604812281766,32.0,,,0.5643382352941176,68.0,,0.10196987253765905,0.8253676470588235,,0.10196987253765905,3.0,0.003822605862145,18.403046404454884,,0.13431269674711444,0.2,,0.08120284057923,0.5107996323529411,0.5643382352941176,0.584238811642856,0.5959595959595959,50.0,68.0,,0.10196987253765905,0.09957627118644087,0.8246783088235294,0.8246783088235294,0.21,0.33,0.0,0.08046937562772499,0.5107996323529411,0.28,,,,0.5657169117647058,0.0,,0.5643382352941176,25.266082811631716,,0.22907488986784127,6.0,0.43850267379679153,0.13431269674711444,0.0015346980066,2.158561472231318,0.0,,0.7198448111014933,0.8246783088235294,,0.904381457724494,0.5657169117647058,,0.5657169117647058,,,,0.34,0.34,0.33,0.4897959183673471,0.33,0.2,0.09957627118644087,0.5107996323529411,,0.5767463235294117,1.1690451944500122,0.31,100.0,0.4897959183673471,0.13431269674711444,0.7270220588235294,2.0,0.0,0.13431269674711444,0.09957627118644087,2.8333333333333335,1.290794890140875,,0.04914302979237,0.34,,0.33,32.0,0.4897959183673471,5.0,1.7987121736366058,1463,100.0,6.0,0.0,0.0,0,0.0,5,0,1.0,15,1,0,2.0,5,2,5,3.0
23,0.9541178003586388,0.05083417960249528,0.06038009574931089,9.352204078698087,0.003452778180763093,0.05083417960249528,0.03711930224461,-65.61537184944294,0.9490127634484513,9844.0,27.39189390135551,-0.8289415958475714,0.9686367703338319,71.43769041056144,0.793446450379068,0.8752346230894502,0.9394679270285271,0.180800060227093,0.8752346230894502,3.0,0.0140682485819,15.433382768601568,0.6643064992165901,0.8705624480207013,0.06038009574931089,-6.856689216231444,0.26071664300521,0.9745841594905463,0.9686367703338319,0.19985561336571578,0.9483228876508821,2.5210084033613445,24621.0,-1.8414569295670808,0.8752346230894502,0.8575950374790288,0.9273790728393275,0.9273790728393275,0.052081822138401276,0.14730886406499347,74.78991596638656,0.08081940797388,0.9745841594905463,0.16494994922385028,-2.50411710865708,0.17822321113432163,0.015233850268560657,0.9465943360013134,0.0,-4.389057157328727,0.9686367703338319,14.086447948074158,4303.667763112215,0.5807524985587811,30.0,0.8725266430348593,0.8705624480207013,0.00070562141346,1.3684010617449387,0.0,306.44111775886785,0.4286572966410164,0.9273790728393275,0.3961681075874099,0.8629999927875766,0.9465943360013134,0.9997583802118093,0.9465943360013134,0.10860607736460212,1.9602707656337477,0.2340242351415639,0.05788481067749891,0.05788481067749891,0.05266212099231104,0.8524138497217182,0.05266212099231104,0.06038009574931089,0.8575950374790288,0.9745841594905463,0.4243820046715209,0.8367482155028956,0.30512857662936466,0.05083417960249528,25.210084033613445,0.8524138497217182,0.6512605890732787,0.9049229436282791,2.0,89.0,0.8705624480207013,0.8575950374790288,2.9,0.8436001792728078,0.9260137453648601,0.055917746985664485,0.05788481067749891,0.8096890143914115,0.05266212099231104,28.562309589438563,0.8524138497217182,3.0,1.1435482253182636,1486,34465.0,119.0,0.0,0.0,0,0.0,29,89,0.2457627118644068,85,1,0,2.0,118,2,3,2.9310344827586206
24,-0.12185403920809046,0.14893617021276595,0.26595744680851063,0.748833337502885,0.036170212765957444,0.14893617021276595,0.00600290579821,-0.19115971860047198,0.596367471971484,70.0,30.481410939611273,5.6334910794233215,0.5,85.1063829787234,23.4614609929078,0.0,0.5416071428571428,8.706901818284091,0.0,11.0,0.00155931848031,87.17568677892774,3.2816382978723406,0.0,0.26595744680851063,1.9958398518231513,0.02428417523536,0.5,0.5,0.03964314068195012,0.7398720682302772,64.70588235294117,400.0,-0.12185403920809046,0.0,0.0,0.5291964285714286,0.5291964285714286,0.20851063829787234,0.15319148936170213,17.647058823529413,0.006957407495855,0.5,0.3021276595744681,0.5451881946466047,7.115384655329787,0.8713950270684675,0.5,0.0,-0.19115971860047198,0.5,86.0852562375487,30.481410939611273,0.11952506596306074,14.0,0.09187697160883292,0.0,0.00086869304352,1.3671357070666996,0.0,10.369463412635357,0.23751268845624024,0.5291964285714286,3.2816382978723406,0.6071716548713029,0.5,62.53404255319149,0.5,0.8713950270684675,5.6334910794233215,11.767857120636801,0.14893617021276595,0.14893617021276595,0.14893617021276595,0.04642103554617765,0.14893617021276595,0.26595744680851063,0.0,0.5,11.767857120636801,0.5167321428571429,1.398586413506136,0.14893617021276595,82.35294117647058,0.04642103554617765,0.011104617182934259,0.6193161094224924,2.0,3.0,0.0,0.0,2.5714285714285716,0.6065418134156311,62.53404255319149,0.006964919661729231,0.14893617021276595,4.5687021276595745,0.14893617021276595,14.893617021276595,0.04642103554617765,7.0,1.0182737586936108,1506,470.0,17.0,0.0,0.0,0,0.0,13,3,0.8125,34,1,0,2.0,16,2,7,2.6153846153846154
25,11.536408493056028,0.10681818181818181,0.125,20.91467039091964,0.020454545454545454,0.10681818181818181,0.00731333291057,-1.283626930042065,1.127716631510294,142.0,54.689280697372475,5.907985692455953,0.89266471311088,67.72727272727272,4746.95422077922,0.7551967422699939,0.8686785140372437,4854.673332592367,0.7551967422699939,1.0,0.00731333291057,124.06417925790393,1524.8704545454557,0.7887884606378496,0.125,4.230043166220242,0.00731333291057,0.9388292844314208,0.89266471311088,1.127716631510294,0.6150341685649203,11.11111111111111,298.0,-0.10011083477068317,0.7551967422699939,0.7855949508074995,0.8597929861045468,0.8597929861045468,0.12045454545454545,0.08636363636363636,77.77777777777779,0.00731333291057,0.9388292844314208,0.11136363636363636,3.6318506306913623,5996.325265565326,0.7742724492300995,0.8808842990830892,0.0,2.5613227519279333,0.89266471311088,153.20009526441754,170.69493933454055,0.7428803129323094,2.0,0.7279641640614063,0.7887884606378496,0.00731333291057,1.127716631510294,0.0,43.059150023887035,1.127716631510294,0.8597929861045468,2.5431818181818167,0.9073226451896848,0.8808842990830892,12000.297727272726,0.8808842990830892,2820.1059373693975,11.151586478906099,9503.162828994346,0.09545454545454546,0.09545454545454546,0.09318181818181819,0.7156286721504113,0.09318181818181819,0.125,0.7855949508074995,0.9388292844314208,12647.328865076894,0.9147840060497211,0.7071067811865476,0.10681818181818181,22.22222222222222,0.7156286721504113,0.8101380813953489,0.9188554297106619,2.0,7.0,0.7887884606378496,0.7855949508074995,2.5,1.127716631510294,7951.277272727267,0.00731333291057,0.09545454545454546,3071.9318181818194,0.09318181818181819,32.27272727272727,0.7156286721504113,3.0,1.127716631510294,1511,440.0,9.0,0.0,0.0,0,0.0,1,7,0.125,3,1,0,2.0,8,3,3,3.0
26,0.42324176943424885,0.13906064452725114,0.1894476065681176,4.504453651154136,0.00030711273084640267,0.13906064452725114,0.0623734340938,-0.31652485666094055,1.6008102873649352,11687.0,53.18403354052852,6.4010213924528,0.8818783209106105,76.07182343065395,31819.974765570616,0.5852801575170704,0.7147496645704182,208.3575310294492,0.5852801575170704,2.0,0.01068033823523,11.068507517484338,31.502211211662093,0.5465099669497687,0.1894476065681176,3.063860808334838,0.16542318099233,0.8784273311027897,0.8818783209106105,0.795215031650176,0.634425994553756,13.333333333333334,37155.0,-0.18426874062378573,0.5852801575170704,0.5636251551185664,0.7538927205350257,0.7538927205350257,0.2063797551287826,0.23928176569346055,40.0,0.14076964990508,0.8784273311027897,0.16713074812661236,0.9982360975676194,18914.620326608216,2.5709727555918307,0.8856629671731931,0.8824372466319971,0.09993102873665205,0.8818783209106105,23.832203118732952,152.69309629815925,0.4929623256960114,9.0,0.4309676913874722,0.5465099669497687,0.00818704228545,3.44192266924963,7.411653904426519,30.359637681213712,0.8343198263526672,0.7538927205350257,10.078088530363212,0.7938438393644257,0.8856629671731931,189664.13459727284,0.8856629671731931,9.936326207089905,11.89465899659272,31990.020649029368,0.14370828385406004,0.14370828385406004,0.15347446869497564,0.4732340127438301,0.15347446869497564,0.1894476065681176,0.5636251551185664,0.8784273311027897,105604.02542315713,0.7595182625190399,12.152960316089429,0.13906064452725114,60.0,0.4732340127438301,0.0,0.8913978617632222,2.0,6.0,0.5465099669497687,0.5636251551185664,11.222222222222221,1.7809891200338273,48225.334368985714,0.0717209468494675,0.14370828385406004,63.96234797919819,0.15347446869497564,23.928176569346054,0.4732340127438301,41.0,2.736773252802121,1590,48842.0,15.0,6465.0,3620.0,3,0.009454684785342825,8,6,0.5714285714285714,99,1,0,2.0,14,2,41,12.375
27,0.37665114446358827,0.38333333333333336,0.4111111111111111,1.464910851899946,0.07407407407407407,0.38333333333333336,0.04690027695841,-1.9488541000808837,1.1252520659100518,228.0,5.481462049036416,1.3062309747712189,0.6268837156995052,57.77777777777777,2198.8837376686497,0.24593216222779896,0.6562078272604588,4.758435432271211,0.24593216222779896,4.0,0.00779021646024,17.865232787058883,2.129277746760649,0.1573321932449765,0.4111111111111111,1.1927454607437136,0.21641365622803,0.6197213787674314,0.6268837156995052,-0.0,0.8107606679035251,10.0,312.0,-1.7519473536570338,0.24593216222779896,0.16417504756727372,0.6003255110711251,0.6003255110711251,0.32222222222222224,0.32407407407407407,45.0,0.09383719225758,0.6197213787674314,0.3296296296296296,0.415206246052901,506.96027814740194,0.19335382071184595,0.6607624831309041,4.625,-0.1845958110265551,0.6268837156995052,22.583610515011674,137.5773376192269,0.32439271255060736,22.0,0.3211375065025144,0.1573321932449765,0.0,4.990635883856907,48.7037037037037,10.368503105342029,0.36055986437557463,0.6003255110711251,0.0381443298969073,0.9824740868386409,0.6607624831309041,37287.53148148148,0.6607624831309041,1.0956764055185744,11.529524541398013,8.30257332363641,0.37962962962962965,0.37962962962962965,0.40555555555555556,0.14629977781575804,0.40555555555555556,0.4111111111111111,0.16417504756727372,0.6197213787674314,8728.998307250762,0.6856936009896536,15.566833839592228,0.38333333333333336,55.00000000000001,0.14629977781575804,0.26118772867998885,0.7410031488978858,1.0,18.0,0.1573321932449765,0.16417504756727372,7.300000000000001,1.2969484630437182,61.366191073536854,0.05499363476250474,0.37962962962962965,32.83731440057058,0.40555555555555556,42.22222222222222,0.14629977781575804,71.0,1.393805644206522,6332,540.0,40.0,999.0,263.0,28,0.05,21,16,0.5675675675675675,881,1,0,2.0,37,2,429,41.95238095238095
28,-0.5820891187268162,0.42,0.408,-0.5820891187268162,0.026,0.42,0.03539008404906,-1.1647649580553958,2.3216763221266055,210.0,-0.5820891187268162,-1.1647649580553958,0.5689983579638751,57.99999999999999,3.5286,0.0,0.5343513957307061,2.005364059222174,0.0,1.0,0.02698419264909,30.473106715455046,3.5286,0.04569386987589322,0.422,-1.1647649580553958,0.04980682279954,0.5434318555008211,0.5821860426929393,1.3729342705988772,0.4729458917835671,7.6923076923076925,290.0,-0.5820891187268162,0.0,0.15384615384615374,0.5452714285714285,0.5606285714285714,0.442,0.39,7.6923076923076925,0.04339185153236,0.5552873563218391,0.396,-1.1647649580553958,2.005364059222174,2.005364059222174,0.5,12.846153846153847,-1.1647649580553958,0.5239655172413793,68.22676050618685,-0.5820891187268162,0.15844950697041815,12.0,0.07762938230383976,0.09996504718629831,0.00520546565465,2.8085450978410593,80.2,-0.5820891187268162,1.9828514861071393,0.5536471264367816,3.5286,0.9814538950336535,0.5,3.5286,0.5,2.005364059222174,-1.1647649580553958,2.005364059222174,0.396,0.39,0.406,0.07618213660245171,0.412,0.444,0.10016977928692682,0.5434318555008211,2.005364059222174,0.5689983579638751,7.549332701797176,0.42,92.3076923076923,0.06027768371147998,0.13287086446104596,0.5924055829228243,2.0,1.0,0.09996504718629831,0.13287086446104596,13.083333333333334,2.229601148769659,3.5286,0.03220721484678454,0.424,3.5286,0.412,42.0,0.1270112975008558,24.0,2.57118554925015,23381,500.0,13.0,835.0,401.0,9,0.13916666666666666,11,1,0.9166666666666666,155,1,0,2.0,12,4,24,14.090909090909092
29,,,,,0.014442587729768442,,,,,1380.0,,,,83.52828837431368,,,,,,4.0,,,,,,,,,,,0.7474036051092277,3.3057851239669422,6998.0,,,,,,,,48.760330578512395,,,,,,,,1.8123025870589837,,,,,,62.0,,,,,87.49104798281213,,,,,,,,,,,,,,,,,,,,,,,,51.2396694214876,,,,,59.0,,,,,,,,,,16.47171162568632,,,,40536,8378.0,121.0,18372.0,7330.0,60,0.018274051086178085,63,57,0.525,445,1,0,2.0,120,2,259,7.063492063492063
30,-1.269309018679956,,,10.095100729172625,0.0106951871657754,,0.11506558452028,-0.5986471102803975,1.0463713372687837,500.0,22.91280574039027,3.9750925407229336,,61.80290297937356,37.86088226053372,,,7.727579045259853,,2.0,0.02462629632048,8.338046296490324,0.47039724980901376,,,1.9636285454084217,0.20550487272008,,,0.9393101004608482,0.6062691131498471,14.285714285714285,809.0,-1.3150788243435427,,,,,,,42.857142857142854,0.20550487272008,,,2.0383750450744884,27.769024103336104,0.837836018970125,,21.035687002073555,-0.0808576659180329,,8.093695057746512,27.027986349441676,,3.0,,,0.02462629632048,1.1534325740767195,100.0,11.031689239559626,0.9393101004608482,,0.38502673796791437,0.959422170862815,,160.8099173553719,,0.8586292112546657,4.367709134122926,63.24323167838142,,,,,,,,,97.6969219960031,,0.5773502691896258,,21.428571428571427,,,,2.0,6.0,,,2.3333333333333335,1.0463713372687837,65.17408879985216,0.11506558452028,,16.08800805071377,,38.19709702062643,,3.0,1.1534325740767195,40945,1309.0,14.0,3855.0,1309.0,7,0.2265381677146383,7,6,0.5384615384615384,2826,1,0,2.0,13,2,1307,403.7142857142857
31,-0.8847596859511218,,,-0.5375502080957013,0.021739130434782608,,0.03989592733091,0.3926498153530712,0.9898462292119665,307.0,0.878391861351421,1.3355273342189935,,55.507246376811594,64.2927536231884,,,52.47141132519069,,5.0,0.003050061391925,10.14249418618115,28.685507246376808,,,0.9097524103570412,0.42570942667283,,,0.5010395545266964,0.5195936139332366,33.33333333333333,383.0,-0.9269912725749383,,,,,,,40.0,0.144504194273545,,,0.6937491058414267,51.82219374450552,4.034412666031165,,0.0,0.4586582920286034,,12.403457169678743,4.2653473291329025,,9.0,,,0.00013921104242,3.496440211804627,0.0,0.19032997589682876,0.8387161319968748,,3.2985507246376833,0.9912308989033523,,148.68695652173912,,28.2552230012924,2.1255033078408267,77.75429949095053,,,,,,,,,92.93205207446056,,4.14661843487491,,60.0,,,,2.0,6.0,,,4.222222222222222,1.309926400235449,99.18369565217391,0.09773048726553625,,56.970289855072465,,44.492753623188406,,14.0,1.5856077791548016,40981,690.0,15.0,0.0,0.0,0,0.0,8,6,0.5714285714285714,36,1,0,2.0,14,2,14,4.5
32,-1.3150267778363987,,,-1.30352334751402,0.01999149298170991,,0.028776844900195,-0.0005722982654819121,0.8323039842234385,1035.0,-0.7496014552707655,0.2389106488643078,,55.97618034878775,4.768779242875386,,,2.8480138600073954,,23.0,0.000380591524745,18.22465930605878,3.38451722671204,,,0.2088624642539532,0.21135573272899,,,-0.0,0.4787234042553192,48.93617021276596,1316.0,-1.4951447369273296,,,,,,,42.5531914893617,0.103335035014,,,0.006235426484139251,2.481980079192453,0.0,,0.0,0.0042425388007539125,,10.807900506435617,1.00220427789953,,27.0,,,0.0,1.5044639659196384,0.0,-0.9949997288661407,0.2789112448090446,,0.7511697150149018,0.9896702292439192,,7.0,,2.4294382006062634,1.3544077728282735,2.9853518964270847,,,,,,,,,2.986013897154495,,0.5063696835418333,,57.446808510638306,,,,1.0,20.0,,,1.8888888888888888,0.6412151472817134,5.838366652488302,0.054303908381700385,,5.834751169715043,,44.02381965121225,,3.0,0.9924065956943989,40999,2351.0,47.0,0.0,0.0,0,0.0,26,20,0.5652173913043478,55,1,0,2.0,46,2,3,2.1153846153846154
33,-1.0411795950893272,,,-0.9884718845690603,0.012841530054644808,,0.027841803699734997,0.0,0.8151523607680569,1605.0,-0.2931855741873255,0.48025745781812523,,56.14754098360656,3.9709699453551917,,,2.6359489881109175,,23.0,0.0012851032468575,17.786659144132617,3.0,,,0.2538299335731602,0.22952299864411,,,-0.0,0.49494397376332333,48.93617021276596,2055.0,-1.3056997196927753,,,,,,,42.5531914893617,0.1028292910950475,,,0.07046237939286215,2.2905103500782715,0.0,,0.0,0.052846784544622896,,11.413575883652745,0.15166386069151372,,27.0,,,0.0,1.584576851106354,0.0,-0.7994012535213689,0.2829047929798921,,0.0,0.9890678174378252,,5.770491803278703,,2.2355984720490563,1.0963013988297556,2.7127795259014724,,,,,,,,,2.750163156393885,,0.4369018092010962,,57.446808510638306,,,,1.0,20.0,,,1.962962962962963,0.6902852472940885,5.770491803278689,0.05560728461837615,,4.661202185792348,,43.85245901639344,,3.0,0.992853336590349,41005,3660.0,47.0,0.0,0.0,0,0.0,26,20,0.5652173913043478,55,1,0,2.0,46,2,3,2.1153846153846154
34,-1.3149826174645214,,,-0.9318017353853566,0.019982993197278913,,0.046587722670784995,-0.09658065765740023,0.6592506727584044,949.0,-0.5849878137657228,0.3522068945408008,,59.65136054421769,4.1382653061224515,,,2.026525028547092,,23.0,0.0004377973241525,13.768465655108274,3.0965136054421762,,,0.16062813993200314,0.36596854739321,,,-0.0,0.6146320714589536,48.93617021276596,1403.0,-1.4953361743326505,,,,,,,42.5531914893617,0.0763492342314575,,,0.006220360219088187,2.0410700378060063,0.0,,0.0,-0.02414516441432099,,7.929897710552991,0.020824425667487212,,27.0,,,0.0,1.5043741541463245,0.0,-0.8992011583465511,0.28514651515105677,,0.46768707482992655,0.9729535064682728,,6.0,,1.7967641351338846,0.992933774398596,2.7853905795348455,,,,,,,,,2.9859522314316913,,0.43690180920109617,,57.446808510638306,,,,1.0,20.0,,,1.962962962962963,0.631034387383756,5.836734693877519,0.07066535450210422,,4.356292517006803,,40.34863945578231,,3.0,0.9917971260072298,41007,2352.0,47.0,0.0,0.0,0,0.0,26,20,0.5652173913043478,55,1,0,2.0,46,2,3,2.1153846153846154
35,,,,,0.00045216009207623694,,,,,8976.0,,,,87.70124549552636,,,,,,4.0,,,,,,,,,,,0.793181880463676,12.121212121212121,64007.0,,,,,,,,42.42424242424242,,,,,,,,6.197831873674193,,,,,,19.0,,,,,95.51402381376485,,,,,,,,,,,,,,,,,,,,,,,,57.57575757575758,,,,,14.0,,,,,,,,,,12.298754504473644,,,,41162,72983.0,33.0,149271.0,69709.0,20,0.06391514119726512,18,14,0.5625,2412,1,0,2.0,32,2,1063,134.0
36,-0.46585876824315453,,,0.04204386996070242,9.744427195688259e-05,,0.00012013280454,-2.216291487227681,0.7092430284126899,21694.0,0.9641634400250284,0.8597173254777053,,96.3552482140817,2.929067924816571,,,1.1260730014164078,,24.0,2.19761757e-06,609.9165537775659,0.44982569235835307,,,0.6827869375137975,0.00174260455467,,,0.004785679772181064,0.9298568070818584,41.37931034482759,573518.0,-1.2246158819512147,,,,,,,44.827586206896555,0.00075372133243,,,0.33606622963261545,1.1822236129797818,0.045610029633932084,,2.451916871345985,-0.07231090192733558,,2652.929064212318,180.69841212538645,,32.0,,,2.087712e-08,6.0139161982134866,79.01067182785293,7.5346279546113,0.536297104008602,,0.012451025852973219,0.2257600794303692,,9.225904383648174,,0.2871868111788259,12.207636136041355,1.7671124270797958,,,,,,,,,3.5460421006584197,,18.128322832233472,,55.172413793103445,,,,2.0,26.0,,,6.59375,0.9823495240918583,4.677834116247658,0.00037014912619129034,,2.119706087914903,,3.6447517859182947,,104.0,0.9799982177805977,41224,595212.0,58.0,846458.0,470281.0,13,0.02494932956808195,31,26,0.543859649122807,209,1,0,2.0,57,2,104,6.741935483870968
37,-1.3873716359716457,,,-1.2572596945495045,0.0028396989919068577,,,-0.2205244339439792,,1869.0,1.3625958957939162,1.8336327440926687,,73.4630129206304,32.431662643759765,,,24.55948102309423,,0.0,,,0.16214681243788137,,,0.617549353236893,,,,,1.0,0.0,5174.0,-1.3873716359716457,,,,,,,15.0,,,,0.23953974956198945,18.339379908794264,0.3686116056100269,,0.0,-0.2205244339439792,,,1.3625958957939162,,0.0,,,,,0.0,-0.42734514490907805,,,0.16214681243788137,,,64.76169246059918,,0.3686116056100269,1.8336327440926687,30.090047097678536,,,,,,,,,30.090047097678536,,,,0.0,,,,,3.0,,,,,64.76169246059918,,,32.371148658242234,,26.536987079369588,,,,42178,7043.0,20.0,0.0,0.0,0,0.0,17,2,0.8947368421052632,6572,1,0,2.0,19,2,6531,386.5882352941176
38,,,,,0.0058067494351174715,,,,,9690.0,,,,88.22857698194807,,,,,,30.0,,,,,,,,,,,0.9999878518410535,6.2761506276150625,72628.0,,,,,,,,71.33891213389121,,,,,,,,6.097668893192142,,,,,,137.0,,,,,100.0,,,,,,,,,,,,,,,,,,,,,,,,28.661087866108787,,,,,341.0,,,,,,,,,,11.771423018051944,,,,42343,82318.0,478.0,2399311.0,82318.0,42,0.06110452266133845,136,341,0.2851153039832285,24649,1,0,2.0,477,2,18543,181.24264705882354
39,,,,,1.2995741109984813e-05,,,,,269319.0,,,,50.0,,,,,,1.0,,,,,,,,,,,0.999998143462109,14.285714285714285,269319.0,,,,,,,,14.285714285714285,,,,,,,,0.0,,,,,,6.0,,,,,0.0,,,,,,,,,,,,,,,,,,,,,,,,85.71428571428571,,,,,1.0,,,,,,,,,,50.0,,,,42344,538638.0,7.0,0.0,0.0,0,0.0,5,1,0.8333333333333334,21883,1,0,2.0,6,7,21838,4376.6
40,,,,,8.156828625030588e-05,,,,,4749.0,,,,93.54387014328829,,,,,,0.0,,,,,,,,,,,1.0,0.0,68809.0,,,,,,,,0.0,,,,,,,,18.847258852424844,,,,,,1.0,,,,,98.17558933086816,,,,,,,,,,,,,,,,,,,,,,,,16.666666666666664,,,,,0.0,,,,,,,,,,6.45612985671171,,,,42738,73558.0,6.0,83182.0,72216.0,3,0.22616710622909814,5,0,1.0,8619,1,0,2.0,5,2,4374,1723.8
41,,,,,0.00021050204738300849,,,,,12382.0,,,,93.79419916500854,,,,,,0.0,,,,,,,,,,,1.0,0.0,187141.0,,,,,,,,30.952380952380953,,,,,,,,4.960843516548874,,,,,,0.0,,,,,52.321286267748576,,,,,,,,,,,,,,,,,,,,,,,,0.0,,,,,13.0,,,,,,,,,,6.205800834991455,,,,42750,199523.0,42.0,415717.0,104393.0,8,0.05081839699879334,28,13,0.6829268292682927,396,1,0,2.0,41,2,51,14.142857142857142
42,,,,,0.008,,,,,482.0,,,,51.800000000000004,,,,,,0.0,,,,,,,,,,,1.0,0.0,518.0,,,,,,,,37.5,,,,,,,,0.0,,,,,,0.0,,,,,0.0,,,,,,,,,,,,,,,,,,,,,,,,0.0,,,,,3.0,,,,,,,,,,48.199999999999996,,,,43098,1000.0,8.0,0.0,0.0,0,0.0,4,3,0.5714285714285714,15,1,0,2.0,7,2,6,3.75
43,,,,,0.004580760804620594,,,,,2437.0,,,,51.46385182234615,,,,,,0.0,,,,,,,,,,,1.0,0.0,2584.0,,,,,,,,4.3478260869565215,,,,,,,,0.07879947697929565,,,,,,0.0,,,,,1.3941445927106155,,,,,,,,,,,,,,,,,,,,,,,,0.0,,,,,1.0,,,,,,,,,,48.53614817765386,,,,43607,5021.0,23.0,91.0,70.0,22,0.0008238127138744546,21,1,0.9545454545454546,4331,1,0,2.0,22,4,4173,206.23809523809524
44,,,,,0.000576923076923077,,,,,6694.0,,,,67.8173076923077,,,,,,5.0,,,,,,,,,,,0.5582479926919564,41.66666666666667,14106.0,,,,,,,,50.0,,,,,,,,0.0,,,,,,6.0,,,,,0.0,,,,,,,,,,,,,,,,,,,,,,,,50.0,,,,,6.0,,,,,,,,,,32.18269230769231,,,,43890,20800.0,12.0,0.0,0.0,0,0.0,5,6,0.45454545454545453,14,1,0,2.0,11,2,6,2.8
45,,,,,0.0034637326813365932,,,,,1853.0,,,,62.245313773431135,,,,,,4.0,,,,,,,,,,,0.5583859792133686,23.52941176470588,3055.0,,,,,,,,52.94117647058824,,,,,,,,0.0,,,,,,8.0,,,,,0.0,,,,,,,,,,,,,,,,,,,,,,,,47.05882352941176,,,,,9.0,,,,,,,,,,37.754686226568865,,,,43892,4908.0,17.0,0.0,0.0,0,0.0,7,9,0.4375,71,1,0,2.0,16,2,29,10.142857142857142
46,,,,,0.023809523809523808,,,,,237.0,,,,83.87755102040816,,,,,,3.0,,,,,,,,,,,0.7406398910823689,8.571428571428571,1233.0,,,,,,,,74.28571428571429,,,,,,,,0.0,,,,,,9.0,,,,,0.0,,,,,,,,,,,,,,,,,,,,,,,,25.71428571428571,,,,,26.0,,,,,,,,,,16.122448979591837,,,,43896,1470.0,35.0,0.0,0.0,0,0.0,8,26,0.23529411764705882,29,1,0,2.0,34,1,9,3.625
47,,,,,0.02312925170068027,,,,,226.0,,,,84.62585034013605,,,,,,3.0,,,,,,,,,,,0.7372362151123213,8.823529411764707,1244.0,,,,,,,,73.52941176470588,,,,,,,,0.0,,,,,,9.0,,,,,0.0,,,,,,,,,,,,,,,,,,,,,,,,26.47058823529412,,,,,25.0,,,,,,,,,,15.374149659863946,,,,43897,1470.0,34.0,0.0,0.0,0,0.0,8,25,0.24242424242424243,29,1,0,2.0,33,1,9,3.625
48,,,,,0.00030516646830846227,,,,,1897.0,,,,94.21099209618848,,,,,,1.0,,,,,,,,,,,0.8914794921875,10.0,30872.0,,,,,,,,0.0,,,,,,,,0.0,,,,,,10.0,,,,,0.0,,,,,,,,,,,,,,,,,,,,,,,,100.0,,,,,0.0,,,,,,,,,,5.789007903811529,,,,43900,32769.0,10.0,0.0,0.0,0,0.0,9,0,1.0,15626,1,0,2.0,9,67,7518,1736.2222222222222
49,,,,,0.002831117676021664,,,,,3916.0,,,,51.7971442639094,,,,,,6.0,,,,,,,,,,,0.726332635725717,26.08695652173913,4208.0,,,,,,,,0.0,,,,,,,,0.0,,,,,,23.0,,,,,0.0,,,,,,,,,,,,,,,,,,,,,,,,100.0,,,,,0.0,,,,,,,,,,48.20285573609059,,,,43922,8124.0,23.0,0.0,0.0,0,0.0,22,0,1.0,117,1,0,2.0,22,1,12,5.318181818181818
